Model,Accuracy,Macro_F1
TFIDF+LogReg,0.7422096317280453,0.6482906515416098
BiLSTM,0.7478753541076487,0.6534858498679779
DistilBERT,0.7479985219854662,0.6522444498455375
